{"cameraMode":{"drawMode":0,"name":"Shaded","section":"Shading Mode"},"sceneLighting":false,"audioPlay":false,"sceneViewState":{"showFog":false,"showMaterialUpdate":false,"showSkybox":false,"showFlares":false,"showImageEffects":false,"showParticleSystems":false},"in2DMode":false,"pivot":{"x":0.00031494349241256714,"y":-0.00027188658714294434,"z":0.019453823566436769},"rotation":{"x":-0.3851180970668793,"y":-0.1261952966451645,"z":0.053251828998327258,"w":-0.9126459956169128},"size":0.24494892358779908,"orthographic":false}