{"cameraMode":{"drawMode":0,"name":"Shaded","section":"Shading Mode"},"sceneLighting":true,"audioPlay":false,"sceneViewState":{"showFog":false,"showMaterialUpdate":false,"showSkybox":false,"showFlares":false,"showImageEffects":false,"showParticleSystems":false},"in2DMode":false,"pivot":{"x":1.2712676525115967,"y":-2.247387647628784,"z":1.7468724250793458},"rotation":{"x":-0.38161253929138186,"y":-0.08522605895996094,"z":0.03536275029182434,"w":-0.919705331325531},"size":3.658557891845703,"orthographic":false}