{"cameraMode":{"drawMode":0,"name":"Shaded","section":"Shading Mode"},"sceneLighting":true,"audioPlay":false,"sceneViewState":{"showFog":true,"showMaterialUpdate":false,"showSkybox":true,"showFlares":true,"showImageEffects":true,"showParticleSystems":true},"in2DMode":false,"pivot":{"x":0.0,"y":0.17999982833862306,"z":-7.450580596923828e-9},"rotation":{"x":0.2371111512184143,"y":-0.3440064489841461,"z":0.09022506326436997,"w":0.904045820236206},"size":0.23606756329536439,"orthographic":false}