{"cameraMode":{"drawMode":0,"name":"Shaded","section":"Shading Mode"},"sceneLighting":true,"audioPlay":false,"sceneViewState":{"showFog":true,"showMaterialUpdate":false,"showSkybox":true,"showFlares":true,"showImageEffects":true,"showParticleSystems":true},"in2DMode":false,"pivot":{"x":222.8862762451172,"y":303.3105773925781,"z":-27.4842529296875},"rotation":{"x":0.08827662467956543,"y":-0.049286212772130969,"z":0.004373250063508749,"w":0.9948664307594299},"size":164.62173461914063,"orthographic":false}