{"cameraMode":{"drawMode":0,"name":"Shaded","section":"Shading Mode"},"sceneLighting":true,"audioPlay":false,"sceneViewState":{"showFog":true,"showMaterialUpdate":false,"showSkybox":true,"showFlares":true,"showImageEffects":true,"showParticleSystems":true},"in2DMode":false,"pivot":{"x":5.096805572509766,"y":6.769344329833984,"z":-8.255311965942383},"rotation":{"x":0.4725658595561981,"y":-0.044909775257110599,"z":0.024121783673763276,"w":0.8798199892044067},"size":13.022601127624512,"orthographic":false}