{"cameraMode":{"drawMode":0,"name":"Shaded","section":"Shading Mode"},"sceneLighting":true,"audioPlay":false,"sceneViewState":{"showFog":true,"showMaterialUpdate":false,"showSkybox":true,"showFlares":true,"showImageEffects":true,"showParticleSystems":true},"in2DMode":false,"pivot":{"x":357.4714660644531,"y":256.66168212890627,"z":-45.7249755859375},"rotation":{"x":0.10924626886844635,"y":-0.02534460835158825,"z":0.0027863632421940567,"w":0.9936880469322205},"size":347.23577880859377,"orthographic":false}