{"cameraMode":{"drawMode":0,"name":"Shaded","section":"Shading Mode"},"sceneLighting":true,"audioPlay":false,"sceneViewState":{"showFog":true,"showMaterialUpdate":false,"showSkybox":true,"showFlares":true,"showImageEffects":true,"showParticleSystems":true},"in2DMode":false,"pivot":{"x":-2.073694944381714,"y":1.640640139579773,"z":0.536623477935791},"rotation":{"x":0.47734224796295168,"y":-0.36358878016471865,"z":0.22618305683135987,"w":0.7673264145851135},"size":0.7001428008079529,"orthographic":false}